Valoper,Uptime,Total Slashes,Tombstoned,Blocks Active,Signed Blocks,Missed Blocks,Proposed Blocks,Delegators,Stake,Self Stake
storyvaloper1wl873hxdkhhjalt86zgmyphfzlt2kl39kf4x2a,99.99,0,False,699443,699365,78,70395,11,692905.0,1024.0
storyvaloper1kz2cgurfhgege6zqnk8vwupwzqcjry0du23g4z,99.99,0,False,699078,699016,62,70408,8,667607.0,1024.0
storyvaloper1hvavwqtnjw5m3vtkzgm62kwsfjkhwq7h8m4azm,99.99,0,False,296242,296206,36,1397,2,119990.0,19990.0
storyvaloper1c58gr53xrf6ktwtr8vwmzxyfz2xzzaaz8rrw68,99.99,0,False,296242,296199,43,1405,2,119990.0,19990.0
storyvaloper1zrkjleyv9c4rp5u24cyn6j08ahypep35r4uk3k,99.98,0,False,296242,296176,66,1399,2,119998.0,19998.0
storyvaloper13el67lyw2qpacpuzha9e7p3rpjg8jl8tmecq2q,99.98,0,False,296242,296179,63,1406,2,120035.0,20035.0
storyvaloper1pdj0z84lau0l7vf2jl4qs7yggv48p3avy82spr,99.97,0,False,699443,699242,201,70473,5,680768.0,1024.0
storyvaloper1z0uqv8xrw2j23mlcpmzatt3jj9hzezdq08ar8t,99.97,0,False,699443,699211,232,69361,11,566126.8,6144.0
storyvaloper1xa3rd3vs28jym7pwcacf2t3cgpl590zj6eyuhq,99.97,0,False,296242,296150,92,1424,2,119948.0,19948.0
storyvaloper12vrh9n58r2ftpdjfjj7j4ghfw76sx9c4e45yxl,99.97,0,False,296242,296140,102,1411,2,119991.0,19991.0
storyvaloper1wte6l2r6xh3l6xus8ug0u36xya0cltclyuqy75,99.97,0,False,296242,296150,92,1410,2,120024.0,20024.0
storyvaloper1htkcu0adnlfqg4l29t2n5cc6l2nywle6qyqdr9,99.97,0,False,296242,296142,100,1403,2,118024.0,18024.0
storyvaloper1ml7wkkeuupt9syle0zszvst88632mz8g3aahpy,99.97,0,False,296242,296165,77,1402,2,119989.0,19989.0
storyvaloper1rfnera4cjh83fahr62dlfz2n9yf42v45nltkwy,99.96,0,False,296242,296134,108,1391,2,119900.0,19900.0
storyvaloper1the6ag95nrgg0h6pw3nzxdf4zv4e4uws0x3yln,99.96,0,False,296242,296113,129,1310,2,111024.0,11024.0
storyvaloper13tm6a04err3yzasegk4agqgqfgtt048yhs8hs6,99.96,0,False,296242,296125,117,1398,2,119888.0,19888.0
storyvaloper1enja57p5uhknfynelkkvc64nraeh3hy4p9rxz9,99.96,0,False,296242,296122,120,1424,2,120024.0,20024.0
storyvaloper16nwswhexfkv36f57um68td5j7mtsf9j4wfj4dn,99.96,0,False,296242,296127,115,1198,2,102042.0,1024.0
storyvaloper1mg5wjz3kta5dfqxc93hv9hjg0cha53l97ne3z4,99.96,0,False,296242,296112,130,1403,2,119994.0,19994.0
storyvaloper1lgexam6a80s5yj270tdw7erc54s9xzat7yaama,99.96,0,False,296242,296128,114,1402,2,118939.9,18939.9
storyvaloper1ymsmqlx54g33msau9x98my03p9hd36djvkylqd,99.95,0,False,296242,296095,147,1412,3,121019.0,19995.0
storyvaloper1tnhycpfuzsm4l7l6t3qsy5j2lged8ec8eyft2k,99.95,0,False,296242,296104,138,1414,2,120024.0,20024.0
storyvaloper1tcrwtm792svad9nfkxumyesakx80t2ha4txfns,99.95,0,False,296242,296082,160,1400,2,119999.0,19999.0
storyvaloper1v8pyhyc8npkkl04tpt7uwmev3plpndvwh04qq7,99.95,0,False,296242,296100,142,1879,1,159024.0,159024.0
storyvaloper1d4kf8mu5e84xkqespxc87z5ds8yf26t7p3apqd,99.95,0,False,184673,184573,100,950,2,99873.0,98848.0
storyvaloper13k24q8a30twnuzkpsk9c95xhs7cwdfckx9d9e7,99.95,0,False,296242,296094,148,1416,2,119024.0,19024.0
storyvaloper13hzy82h0cg9xjc0xhc8u28de92ntdjlae3te6u,99.95,0,False,296242,296107,135,1396,2,119995.0,19995.0
storyvaloper14vnfjngu4y2ywga0aunvtaqupngqt2cr9qwz22,99.95,0,False,296086,295934,152,1180,1,100548.0,100548.0
storyvaloper1hcndmwxa0dmdvkzxlxlvdxd033n5jcmh6afkjh,99.95,0,False,296242,296100,142,1396,2,119990.0,19990.0
storyvaloper1cvsdp0tsz25fhedd7cjvntq42347astvar06v8,99.95,0,False,296242,296089,153,1420,2,119550.0,19550.0
storyvaloper1u0jw7jnesvqr55fxfmjycm5uxv9w6mjtfzkwdf,99.95,0,False,82924,82879,45,49,1,100000.0,0.0
storyvaloper1826z0gntznjlcpa4weu55uvtp5mmd62ns05gyq,99.94,0,False,296242,296059,183,1396,2,119948.0,19948.0
storyvaloper1g8lyk7xtfxahjdkta5jcazwc2pz7ht8ucj9wzl,99.94,0,False,296242,296070,172,1399,2,119994.0,19994.0
storyvaloper1wh896802py6w66ymexxqdduf0d4jq4zw04yqzr,99.94,0,False,296242,296066,176,1402,2,119548.0,19548.0
storyvaloper1qxs6uh58zlh0pc59er06xvj53rz0mn9hpfgv25,99.93,0,False,296242,296031,211,1420,2,119900.0,19900.0
storyvaloper187xp6lza085qvj28cpnp55vaexldtlnggkplkx,99.93,0,False,296242,296041,201,1404,2,119001.0,19001.0
storyvaloper16exhdc2hzrtralnk5meca08nd8kfeu00kvxgs3,99.93,0,False,296242,296037,205,1395,2,119500.0,19500.0
storyvaloper16a8rgcx9287q0nusu7frw7n3yrk9hlpn0re0ht,99.93,0,False,296242,296021,221,1403,2,121072.0,21072.0
storyvaloper1765xe28ktlpkxvwsndx4aswx2rwxt24v7lx4u7,99.93,0,False,296242,296045,197,1419,2,119890.0,19890.0
storyvaloper1xx42vsmgccj96hnfw5tumtf062c09z678pg46l,99.92,0,False,296242,295995,247,1370,2,115953.0,15953.0
storyvaloper1d0k6pzc6kpvfwguqwxer87aef5njrqngdgasu0,99.92,0,False,296242,296012,230,1399,2,119995.0,19995.0
storyvaloper10llgt50kejk7exvsvkr5wysr7vqdrmdmwfd37e,99.92,0,False,296242,295999,243,1410,2,119970.0,19970.0
storyvaloper1cn4agxuv5zl96tw3l89w9x89rv6mjcqadcx9y3,99.92,0,False,296242,296008,234,1392,2,119998.0,19998.0
storyvaloper1u30x96px5t3q3kl4n6d0d5sl52zkw5vqylp9fz,99.92,0,False,296242,296016,226,1364,2,115024.0,15024.0
storyvaloper1qzlsuhxyggc58dakmk92420slnsares5c3mk6k,99.91,0,False,699443,698779,664,69508,3,540481.0,2049.0
storyvaloper1r62nlglv96dqhqhsc2dq3tfydh7kp2pq8f7w07,99.91,0,False,296242,295979,263,1410,2,119997.0,19997.0
storyvaloper18cvm8frrckjwfshqdg6p63pzwy9dxvsrlup8kk,99.91,0,False,296242,295979,263,1405,2,119990.0,19990.0
storyvaloper12s7mczq0gsvzyav5sleje29pped8mpgcprr9r2,99.91,0,False,699443,698840,603,69411,4,545602.0,5121.0
storyvaloper19t6g3988z2zhwv9xzzdn9zn0ddsserwln3sjn8,99.9,0,False,296242,295931,311,1410,2,120000.0,20000.0
storyvaloper18m7p3puy2scyqp83369nhlmmerk3vmgs4rngfc,99.9,0,False,296242,295935,307,1305,2,110000.0,10000.0
storyvaloper13kvhv7fny79pdnksuq229ndc0ylnl3wcc697da,99.9,0,False,296242,295931,311,1310,2,111000.0,11000.0
storyvaloper15a4fph700vr0t0arfsrleeyh4al9087ee3evct,99.9,0,False,296242,295934,308,1393,2,120524.0,20524.0
storyvaloper1999gqujrmash4r8k256vdgpurd3h7067dvxtun,99.89,0,False,296242,295906,336,1280,2,110000.0,10000.0
storyvaloper19320qvhvyy0gqgmxjewt6hrpmun5tac6sp2f76,99.89,0,False,296242,295925,317,1402,2,119995.0,19995.0
storyvaloper1d055v5vthzzf37n5rltkr2luka7xulq95w25a4,99.89,0,False,296242,295909,333,1641,2,138993.0,38993.0
storyvaloper1ttetgy8a5lcr78py460pm6cjr83jcnud26jff9,99.88,0,False,296242,295900,342,1405,2,119900.0,19900.0
storyvaloper1wv2wuyk00y6fscxnyc5m7j9fr4vpwj4thq3kt9,99.88,0,False,296242,295896,346,1392,2,119990.0,19990.0
storyvaloper10p94srhdxunq2vcnx6t42zwl8365v0ac9jrvl7,99.88,0,False,296242,295872,370,1412,2,119500.0,19500.0
storyvaloper13cm9skv9yq6s983axr4hyy45awcaxtwtqsj8tu,99.88,0,False,296242,295891,351,1380,2,119000.0,19000.0
storyvaloper1cu3ua6279lk9w2kxlulzr2ttyzpxd5hytyfc4y,99.88,0,False,296242,295881,361,1297,2,111000.0,11000.0
storyvaloper1egge9775vhypgsgd9mqq2uw3q5gqut708hj57y,99.88,0,False,296242,295879,363,1304,2,109999.0,9999.0
storyvaloper1upyt7dr96p2ffl62ecwypeglqvk7596a3xrmvn,99.88,0,False,296242,295883,359,1418,2,120024.0,20024.0
storyvaloper1l7wq80kk7j7e84ml7mzdhrxd66xufm7pvunwj6,99.88,0,False,296242,295890,352,1394,2,119990.0,19990.0
storyvaloper1x4e6l5dgfap6yhpdeg4a28dad0lfgg39nypxlt,99.87,0,False,296242,295852,390,1415,2,119984.0,19984.0
storyvaloper1dzw4c607cnqnxe0djvr5a8chjm0h99yjxl7tpy,99.87,0,False,296242,295854,388,1395,2,119995.1,19995.1
storyvaloper1sp0u3967vczunl25sxh8ftk7hrex8qe74czqks,99.87,0,False,296242,295849,393,1390,2,119000.0,19000.0
storyvaloper1ckj7xq5uk44tqh9sty8qct9cz3hemh0zgyktar,99.87,0,False,296242,295856,386,1393,2,119997.0,19997.0
storyvaloper1qxhdqgsmm6vlrfrn594mm46qqenu52cckwa6cc,99.86,0,False,296242,295813,429,1412,2,119950.0,19950.0
storyvaloper12smnjtdaxdks6zhkxddg3jw5fj9lsruzauwjap,99.86,0,False,296242,295834,408,1412,2,119925.0,19925.0
storyvaloper12e6dh28hq7hd2qwd6v992uwr5ukrmq2xeup4ep,99.86,0,False,296242,295820,422,1199,2,101030.0,1030.0
storyvaloper1s5j9d80stg70pdg2jan9ea5ln9zcdraarqjark,99.86,0,False,296242,295836,406,1410,2,119650.0,19650.0
storyvaloper1xcmr77ya82eqjp2nkcv5s9mdcuh2tmxav9d9l7,99.85,0,False,296242,295789,453,1784,2,151824.0,1024.0
storyvaloper1ecsq9zy0huqvjkuvqewtzea3dtvc5j4hzqju9a,99.85,0,False,296242,295791,451,1415,2,119974.0,19974.0
storyvaloper1l6m9y6l064mp7hvzt3vqg3fnuu6vx0lkn50udf,99.85,0,False,296242,295808,434,1389,2,119000.0,19000.0
storyvaloper1d0g7xp0qu2dxlqps65cfzz4hx98tncs57qa95t,99.84,0,False,296242,295757,485,2380,5,202092.0,1024.0
storyvaloper1spgujf9pjjtp8qrlvuucdd6cxfe7xs7858k7z5,99.84,0,False,296242,295781,461,1418,2,119999.0,19999.0
storyvaloper1gnkssjh2nva4z0yvv7megl25hmmvg9csvggt0h,99.83,0,False,296242,295744,498,1399,2,119993.0,19993.0
storyvaloper1fh06ygln2lndkvnvswrtc9v2j82m58tzceux6u,99.83,0,False,296242,295743,499,1400,2,119000.0,19000.0
storyvaloper1nsnf4gmwc46clml3w37nz2yd9340rj23qd5emc,99.83,1,True,240366,239958,408,1019,2,113904.1,18904.0
storyvaloper1x9c7xr8x4du2e926cgztthaq8cydnvcvvypesa,99.82,0,False,296242,295701,541,1413,2,119924.0,19924.0
storyvaloper15m5s09ptvuyrmmml5g7e2xg7hrewp3x5cdufu4,99.81,0,False,296242,295689,553,1399,2,119950.0,19950.0
storyvaloper16qcd4vf5y8getfsc2a8amww8kawqrcwpmwrpua,99.79,0,False,296242,295608,634,1398,2,119999.0,19999.0
storyvaloper1wwmwvr4qc8206chufegztl76089wqjjh42vvrl,99.78,0,False,55876,55754,122,167,1,50000.0,50000.0
storyvaloper16xg48zr4m6unpwqd6c9q2uj4t3nrllqp8tw02u,99.78,0,False,296242,295584,658,1410,2,119999.0,19999.0
storyvaloper1f55pj65qp0rufg2y5u47hz98gtf6jzpts8lpgy,99.77,0,False,296242,295561,681,1394,2,119998.0,19998.0
storyvaloper1v7v69m6hdz3ydewanqwypzzxekrsqujqydu9n9,99.73,0,False,296242,295428,814,1383,2,119000.0,19000.0
storyvaloper1s5gd8td90j2cgn9h9we2zpnn0kesespp7nfpfv,99.7,0,False,296242,295357,885,1295,2,110000.0,10000.0
storyvaloper18j8r0grm4yh7lfqvftaxdurum2gdnh567yt3s0,99.65,0,False,296242,295214,1028,1389,2,119990.0,19990.0
storyvaloper1achxz26kc2mn8458vc2evllnrd9s2mr42vyajk,99.63,0,False,296242,295154,1088,1401,2,119995.0,19995.0
storyvaloper1zsw5cflczjxrk5ps5lj20dzua94pjdn72guhyn,99.6,0,False,296242,295056,1186,1392,2,117949.0,17949.0
storyvaloper1n9ft9mx5q0amlwextftwpehxe082sj2sj8tzrk,99.6,0,False,296242,295067,1175,1408,2,119998.0,19998.0
storyvaloper16h45lp8ydnt5e5307n8r3dkzxnvunm548qxpgu,99.6,0,False,296242,295044,1198,1392,2,119995.0,19995.0
storyvaloper1fuxw9xujuw08cw6ujqx6upw6ja8zcerwsdn224,99.58,0,False,296242,294990,1252,1170,2,101024.0,1024.0
storyvaloper1kykx4cc73cwrnqus2rflullfw67mrwdde73xp5,99.55,0,False,296242,294910,1332,1397,2,119999.0,19999.0
storyvaloper12s2acumq6ycr80jycpt2hzq94xqgtehv2dz8h2,99.54,0,False,699443,696214,3229,68318,3,507025.0,6000.0
storyvaloper1wjl6dzufze67r7rpx5ta2z7kxeeva4h2sawxa8,99.5,0,False,296242,294765,1477,1398,2,119924.0,19924.0
storyvaloper1l3t54lspt8pwxzfncg8t5flx4yarkjlj0tpc53,99.5,0,False,296242,294775,1467,1421,2,119948.0,19948.0
storyvaloper1pjfazvhc93m5s7jyx4md36nxxllmhedkt77wc7,99.48,0,False,296242,294711,1531,1401,2,119924.0,19924.0
storyvaloper1k9sq4wgtq4u5yztk2fhkuaygnz0q8wqqkjc88j,99.46,0,False,120045,119402,643,428,1,60880.0,60880.0
storyvaloper1c74pd36ddkr7kk3jtrxw9qhck6v4gn2cdtg3m4,99.46,0,False,296242,294655,1587,1397,2,120000.0,20000.0
storyvaloper1l6gpgqmucdn7yyuvdyeph74cgs2f7k66u60hq6,99.33,0,False,699443,694771,4672,68020,3,507024.0,6000.0
storyvaloper14n0ksrhhk2zdrypculd4zuaa64j4cueczq5xhm,99.31,0,False,296242,294208,2034,1379,2,119999.0,19999.0
storyvaloper1mrgqjazkfmdj3e2tj4facwkshlzqym3h4g9tan,99.01,0,False,296242,293299,2943,1397,2,119999.0,19999.0
storyvaloper1u2vlklgdfjnah2ll7gghp2cvw4j7x7asynxxdn,98.95,0,False,296242,293131,3111,1384,2,119999.0,19999.0
storyvaloper1acv5yknlf7atwf03mxd2lecwelmgtctc8j6vcl,98.86,0,False,296242,292857,3385,1621,2,141048.0,41048.0
storyvaloper1kwf9x7n8pmpvv7zrhxjfqqecz65a8qgunxaz0q,98.84,0,False,296242,292793,3449,1270,2,101024.0,1024.0
storyvaloper1rrwuf534h4ft8r5pr7an38u89s3f7gjj839rrh,98.81,0,False,296242,292714,3528,9,2,199024.0,99024.0
storyvaloper1v4me33grq0uys8f2s0k0dllshlljpzk5yz348y,98.34,0,False,296242,291338,4904,1526,2,119999.0,19999.0
storyvaloper1fsud00esx6rtp7n7p7mj2xg4v6l7w8lhy8ztdk,98.13,0,False,296242,290699,5543,1379,2,119900.0,19900.0
storyvaloper1xjvw3wj7kxvp2f4j5a0fud96rjy09dpxre6yq7,97.48,0,False,296242,288767,7475,1364,2,119000.0,19000.0
storyvaloper12vs37z0ee7m9xns8zkqsng9qnf5pkvcnqgdzqt,96.39,0,False,296242,285541,10701,1398,2,120100.0,20100.0
storyvaloper1gm8mm8zkcxaz6nnue7j3dhh3fxxjh5nzmfnena,95.69,0,False,296242,283488,12754,1395,2,120004.0,20004.0
storyvaloper1f0sljxr2w2vexhmdytgjz6dw57vraadd973t00,95.31,0,False,296242,282357,13885,1404,2,120000.0,20000.0
storyvaloper1u0mqgma7h300dj72yyy87u8vrzev7h4dymxfyg,91.56,0,False,296242,271243,24999,1210,2,119999.0,19999.0
storyvaloper13nwrgmldnp9g9s88cx74a32as7cle36u0v8ck7,84.42,1,False,176562,149050,27512,304,2,102027.8,2047.8
storyvaloper1qq643l2f03uryxfevklknhgzacf97q9anjvphj,0,0,False,0,0,0,0,1,1100.0,1100.0
storyvaloper1qqlzejwnnuh7grmddx55je6y479fx3f36em9mr,0,0,False,0,0,0,0,1,1030.0,1030.0
storyvaloper1qphl50vhzcxdsp89lhaxumljvnwmh8yh3pc32w,0,0,False,0,0,0,0,2,14216.0,5000.0
storyvaloper1qj87mt3zwkfs088430dghtgp8n7cdjs49jvem2,0,0,False,0,0,0,0,1,1090.0,1090.0
storyvaloper1qlglvc39s9xmu06x2tqulhvfh56xj93503ep6x,0,0,False,0,0,0,0,2,9924.0,1024.0
storyvaloper1p3gu02nw270k4v8uuvhkxdzheqw7gxaalhyzq6,0,0,False,0,0,0,0,1,1090.0,1090.0
storyvaloper1p470h0jtph4n5hztallp8vznq8ehylsw9vpddx,0,0,False,0,0,0,0,1,1024.0,1024.0
storyvaloper1zqxgv84754uy2nz6axe50vd2us0xgh7gghzrz2,0,0,False,0,0,0,0,1,1024.0,1024.0
storyvaloper1zwrnppxgpzm437se3j0asq5k2yk38hc758pdr7,0,0,False,0,0,0,0,1,1024.0,1024.0
storyvaloper1rquq9mmuf9wdy04jvlp5ur0f9nkkwxynft3h7y,0,0,False,0,0,0,0,1,1025.0,1025.0
storyvaloper1rzhgd5rdcff0uee3jahp75guypgalkuldm2tq2,0,0,False,0,0,0,0,1,1024.0,1024.0
storyvaloper1rxa60lwchrr0mzsrwqud6rrz6jgdat7gsglmet,0,0,False,0,0,0,0,1,1024.0,1024.0
storyvaloper1refacystzt40ahylmejr6hzn8xcdn7qr9yxnsm,0,0,False,0,0,0,0,1,1028.0,1028.0
storyvaloper1r6967ky90cvtpmzag5l2hyqqln7kmcetg72sne,0,0,False,0,0,0,0,1,1097.0,1097.0
storyvaloper1y83refkjy73pzm3xd2rlejyf2tfkj4agyy8c3l,0,0,False,0,0,0,0,1,1024.0,1024.0
storyvaloper1yj8ymdm7l2ek9cjevs3kqxv06gysk6vh2564m3,0,0,False,0,0,0,0,1,1024.0,1024.0
storyvaloper1yn4gzfjpzuwjpva8e5tspjwufz3mjc0xe07mv5,0,0,False,0,0,0,0,1,1024.0,1024.0
storyvaloper1ynawqm6aaqqedmzj9m902qlqhsn2gq0nrw442w,0,0,False,0,0,0,0,1,1200.0,1200.0
storyvaloper1ymjw6ydnv35t4dn8v8p7sz092z9fgxj8sltyqd,0,0,False,0,0,0,0,1,1025.0,1025.0
storyvaloper1xthp0asrd4eypxcxc5pxc70ctqpfma88ek3vdj,0,0,False,0,0,0,0,1,1024.0,1024.0
storyvaloper1xsrjrajnrpx7u2gn7msxz85z469505fvunvsn5,0,0,False,0,0,0,0,1,1024.0,1024.0
storyvaloper1x32wcekr8v67p7za9np5wk7e2h3nuzspv4mwfq,0,0,False,0,0,0,0,1,1024.0,1024.0
storyvaloper18s6ahmdc27yl3390ptjt98qr03h8tdjnv9hakz,0,0,False,0,0,0,0,1,1024.0,1024.0
storyvaloper1gsya79nhjpqjhdgsu57xv240rz380rcht6yyt3,0,0,False,0,0,0,0,1,1222.0,1222.0
storyvaloper1g6m5l6xa9zgx7sc0wdlxvaljj7smjztkfa9h8e,0,0,False,0,0,0,0,1,1024.0,1024.0
storyvaloper1fhrm40tnvgf4qp5ywn74pwn72t5eynrgdljds3,0,0,False,0,0,0,0,1,1024.0,1024.0
storyvaloper1faykyn72emusnskkhs2zflkfj80xnx36lek3q9,0,0,False,0,0,0,0,1,1024.0,1024.0
storyvaloper12wt5zqursxdkkvjhp4vrg5qkrjxyn0jaltn6yh,0,0,False,0,0,0,0,1,1024.0,1024.0
storyvaloper12uty9x88l2z2c32n82trgqgtg8j7c5d3yg6txy,0,0,False,0,0,0,0,1,1255.0,1255.0
storyvaloper1tx2recfx8d4gjtx6m2pj9k8reypehvk4csk58f,0,0,False,0,0,0,0,1,1041.0,1041.0
storyvaloper1tg3tzx9nt6069sxrw4s6e0g50h4ljmfnc0te4l,0,0,False,0,0,0,0,1,1095.0,1095.0
storyvaloper1tvdpcqx989v4f74epnzegh2hhs0rcu2rxc4a3e,0,0,False,0,0,0,0,1,1024.0,1024.0
storyvaloper1vq80dadh9zplaus3pkhasvqc3guztnxhj0fj38,0,0,False,0,0,0,0,1,1024.0,1024.0
storyvaloper1vvzqyum2njq76w6d2cqeh5a4upqz44g25nzc0s,0,0,False,0,0,0,0,1,1025.0,1025.0
storyvaloper1v06kvxy79w02cna4d93c387wzvuewwxnqyxdld,0,0,False,0,0,0,0,1,1024.0,1024.0
storyvaloper1v4ycl4wdrnyjt00vq30kaymhtw8jlkz2mfa247,0,0,False,0,0,0,0,1,1041.0,1041.0
storyvaloper1vcwuam4kp9yq33vcmplkny2rgjcw8tn8ap87pz,0,0,False,0,0,0,0,1,45000.0,45000.0
storyvaloper1vm2fcfvqtdg2zgqnu9ast0py3c4jldlkzr3g2x,0,0,False,0,0,0,0,1,1026.0,1026.0
storyvaloper1dnhkp552qr7nwr30nu563uzau7qv5dl9myzt4r,0,0,False,0,0,0,0,1,1100.0,1100.0
storyvaloper1daxk0lukad4950ga6t2nc939gjvpwranre5dd4,0,0,False,0,0,0,0,1,1024.0,1024.0
storyvaloper1dlup3uq885re8nc6fkz7gjvc785ytwamnr5xj2,0,0,False,0,0,0,0,1,1100.0,1100.0
storyvaloper1w8vu87sxe0qyj0k9t8cs87wj7kuesdg8sl9lgg,0,0,False,0,0,0,0,1,1024.0,1024.0
storyvaloper1wsnr4kyvtqg0rx0zq0e7nqm5uvslm0xeu2n7at,0,0,False,0,0,0,0,1,3072.0,3072.0
storyvaloper1w5tamlm6g7nffl8sv7w7f36rjzh73hddyfzc05,0,0,False,0,0,0,0,1,18990.0,18990.0
storyvaloper10ryxkfzlxz9l2e85x37k7lr24vd7hxfwz50w3s,0,0,False,0,0,0,0,1,1024.0,1024.0
storyvaloper103hfd4e9zpha9lw4uupxh5nh0tpukms4vz0vgk,0,0,False,0,0,0,0,1,1242.0,1242.0
storyvaloper10ufarhygv32w3w6xtewuyv7r6rgpcj7z9qvsnk,0,0,False,0,0,0,0,1,1024.0,1024.0
storyvaloper10aax54nlscnz4ly62klcmmfs4ys3hgtp0lftag,0,0,False,0,0,0,0,1,1024.0,1024.0
storyvaloper1s9z9j9tfpfqz2y8mzvx8pquykjtnfvh3peatnz,0,0,False,0,0,0,0,1,1031.0,1031.0
storyvaloper1swrq6er5drk2m334ppmzw055j0thfnzjt0kyrm,0,0,False,0,0,0,0,1,1026.0,1026.0
storyvaloper13qkpyjl7esms4fv385tskrz2p3p3mfkgn6rf9y,0,0,False,0,0,0,0,1,1034.0,1034.0
storyvaloper139kxvvqfzejt2ejk9ptt9t96h78rxd73xrj927,0,0,False,0,0,0,0,1,1099.0,1099.0
storyvaloper13tpy29jt6jdsaf5fkw3v2cg23gnhlevw5suw5v,0,0,False,0,0,0,0,1,1024.0,1024.0
storyvaloper13tmg5f5mtdkj87vq94nlsmhu3kylg6askjvw2f,0,0,False,0,0,0,0,1,1024.0,1024.0
storyvaloper13jhfwsvhytq6qw3e42yalg7h88sgtecq46dgu2,0,0,False,0,0,0,0,1,1024.0,1024.0
storyvaloper13ntleejt5wnddmkxfq3fx6435qgqtun52dska5,0,0,False,0,0,0,0,1,1032.0,1032.0
storyvaloper13hz2y63qdq6axc53xk80rf4mh70c6kqakn47en,0,0,False,0,0,0,0,1,1216.0,1216.0
storyvaloper137cw3ke8e7lq8u0r57yxqatc6w2m9k379k0zpa,0,0,False,0,0,0,0,1,1070.0,1070.0
storyvaloper1jxpdlaq0zhxqzm46zthcncmqs0daa4szjn937f,0,0,False,0,0,0,0,1,1024.0,1024.0
storyvaloper1junnyfq3esakrm9kaee7y05c5wclm8p8k2w30g,0,0,False,0,0,0,0,1,1024.0,1024.0
storyvaloper1nwl6e29zu6mtwpspfk5qk4yh4sqhj5l8q5y7z9,0,0,False,0,0,0,0,1,7899.0,7899.0
storyvaloper14s26qxtpyqkwr76atnn8324tvrhs89j34l8ugf,0,0,False,0,0,0,0,1,1024.0,1024.0
storyvaloper14j90lm6qu2uaux4fkhvg9ftxnl6vff5cegz95r,0,0,False,0,0,0,0,1,1024.0,1024.0
storyvaloper1hcrav0lnmgpa85cad3x90a07lewmmxzz5q7qmh,0,0,False,0,0,0,0,1,1399.0,1399.0
storyvaloper1heu4hn5zghr6se9gcnwgk49ha2x24shkkga8wn,0,0,False,0,0,0,0,1,1024.0,1024.0
storyvaloper1evq5eqnghrn8gqfwv03rxhf4pzwjzjzjc8csf5,0,0,False,0,0,0,0,1,1024.0,1024.0
storyvaloper16sq6yyxwv0jhqd5nmp2uldmwm7ffplg2kp6twr,0,0,False,0,0,0,0,1,1024.0,1024.0
storyvaloper16ny3uvk4f5etz96euf3nfan69uleped6v2w8x8,0,0,False,0,0,0,0,2,2048.0,1024.0
storyvaloper16e9gt2ppsfysu0sujh8320yffkgww6h4xg2vkq,0,0,False,0,0,0,0,1,1024.0,1024.0
storyvaloper1mwgwgn6x5waumhg4tgnuhkezhamnaq4385mrgv,0.0,1,False,28801,0,28801,0,2,120999.8,119976.0
storyvaloper1m3mlf7z5z9ukup5trphfyeyxpds4pw9lu9j2a2,0,0,False,0,0,0,0,1,1024.0,1024.0
storyvaloper1mcv454heahnkx3uj6l524fn8dgfzhc8ndtl29y,0,0,False,0,0,0,0,1,1024.0,1024.0
storyvaloper1mu457ah3ry685w3f0pnq940mpdp04j0skqwtt9,0,0,False,0,0,0,0,1,1024.0,1024.0
storyvaloper1ml96gdn6nte0sfr7e0zznfjq27fkr8579ls7n6,0,0,False,0,0,0,0,1,1031.0,1031.0
storyvaloper1ure4qf4a6yzmvxlhrze04saz6qh5qz90jqaf8e,0,0,False,0,0,0,0,1,1024.0,1024.0
storyvaloper1ugffv622q6zlcnjtsw23js5jrjlsadesrn6ev2,0,0,False,0,0,0,0,1,1025.0,1025.0
storyvaloper1udvjz9ayx65e9xh55fr78v8zn30jsmlrffwgd3,0,0,False,0,0,0,0,1,1024.0,1024.0
storyvaloper1ujgese53javjljuamf5jm5nngqg3rm4kwl45ly,0,0,False,0,0,0,0,1,1026.0,1026.0
storyvaloper1ujeanmqgxjth2cmm4mmf906pcmvz6urk0htsfv,0,0,False,0,0,0,0,1,1024.0,1024.0
storyvaloper1ulrqpkgw5utu35362vpvknql9x6qresgags8q2,0,0,False,0,0,0,0,1,1024.0,1024.0
storyvaloper1a2khawzy374cm42tfn6v7uglplxkkld6hzpkpv,0,0,False,0,0,0,0,1,1090.0,1090.0
storyvaloper1an0thyxr7sgj4ar629whcaeejwkd3duma5djmr,0,0,False,0,0,0,0,1,1024.0,1024.0
storyvaloper1aheecl0s3587u9kgrsws92kcx2xw5zz9tv6egd,0,0,False,0,0,0,0,1,1300.0,1300.0
storyvaloper1auna7t7rdcywwq7dlcxy6wn0h8y7y4gl8mxm0k,0,0,False,0,0,0,0,1,1024.0,1024.0
storyvaloper17ryjtw60pktl48mw88a83qzv9mdjjx2q4f50ru,0,0,False,0,0,0,0,1,1024.0,1024.0
storyvaloper17y27wj0n54uajlsrt7umquq56dfe966ljfzx7g,0,0,False,0,0,0,0,1,1024.0,1024.0
storyvaloper17s93lgl2ym8f98dukr7n9524sedxh8kjgkyfmv,0,0,False,0,0,0,0,1,1024.0,1024.0
storyvaloper17u46ud0a7wty94yyltqpqkr3fdq9ft9rw0wsgs,0,0,False,0,0,0,0,1,1050.0,1050.0
storyvaloper1l3snyq8022mkngm7tpcsv5lzvnzxcqegmmhn4m,0,0,False,0,0,0,0,1,1024.0,1024.0
storyvaloper1luezlhyfn4jxrjugmsexj6wztlszegmzgytmdk,0,0,False,0,0,0,0,1,1029.0,1029.0
